[
  {
    "name": "\ud83c\udfc3 Run",
    "start": "2025-06-08T06:30:00+02:00",
    "end": "2025-06-08T07:30:00+02:00",
    "duration": 1,
    "quadrant": "workout"
  },
  {
    "name": "\ud83c\udfc3 Run",
    "start": "2025-06-05T06:30:00+02:00",
    "end": "2025-06-05T07:30:00+02:00",
    "duration": 1,
    "quadrant": "workout"
  },
  {
    "name": "\ud83c\udfc3 Run",
    "start": "2025-06-04T06:30:00+02:00",
    "end": "2025-06-04T07:30:00+02:00",
    "duration": 1,
    "quadrant": "workout"
  },
  {
    "name": "\ud83c\udfcb\ufe0f Functional",
    "start": "2025-06-07T06:30:00+02:00",
    "end": "2025-06-07T07:30:00+02:00",
    "duration": 1,
    "quadrant": "workout"
  },
  {
    "name": "\ud83c\udfcb\ufe0f Functional",
    "start": "2025-06-03T06:30:00+02:00",
    "end": "2025-06-03T07:30:00+02:00",
    "duration": 1,
    "quadrant": "workout"
  },
  {
    "name": "s",
    "start": "2025-06-02T13:30:00+02:00",
    "end": "2025-06-02T16:30:00+02:00",
    "duration": 3,
    "quadrant": "urgent_important"
  },
  {
    "name": "s",
    "start": "2025-06-03T13:30:00+02:00",
    "end": "2025-06-03T16:30:00+02:00",
    "duration": 3,
    "quadrant": "urgent_important"
  }
]